Matrix Size (N),Execution Time (s)
256,0.029106
512,0.241137
1024,2.410551
2048,78.203434
4096,824.832171
