Matrix Size (N),Execution Time (ms)
256,0.032768
512,0.211968
1024,1.617920
2048,12.796928
4096,95.293442
