Matrix Size (N),Execution Time (ms)
256,0.026624
512,0.175872
1024,1.231872
2048,9.791136
4096,72.830978
