Matrix Size (N),Execution Time (ms)
256,0.010240
512,0.035488
1024,0.177152
2048,1.306624
4096,10.071040
